division_id,metric_key,metric_value,metric_value_text,unit,source,year
aston,population,159103,,persons,ABS 2021 Census QuickStats,2021
aston,median_age,40,,years,ABS 2021 Census QuickStats,2021
aston,median_personal_income_weekly,797,,AUD/week,ABS 2021 Census QuickStats,2021
aston,median_household_income_weekly,1884,,AUD/week,ABS 2021 Census QuickStats,2021
aston,median_rent_weekly,400,,AUD/week,ABS 2021 Census QuickStats,2021
aston,median_mortgage_monthly,2000,,AUD/month,ABS 2021 Census QuickStats,2021
aston,avg_household_size,2.7,,persons/household,ABS 2021 Census QuickStats,2021
ballarat,population,152243,,persons,ABS 2021 Census QuickStats,2021
ballarat,median_age,41,,years,ABS 2021 Census QuickStats,2021
ballarat,median_personal_income_weekly,734,,AUD/week,ABS 2021 Census QuickStats,2021
ballarat,median_household_income_weekly,1445,,AUD/week,ABS 2021 Census QuickStats,2021
ballarat,median_rent_weekly,295,,AUD/week,ABS 2021 Census QuickStats,2021
ballarat,median_mortgage_monthly,1500,,AUD/month,ABS 2021 Census QuickStats,2021
ballarat,avg_household_size,2.4,,persons/household,ABS 2021 Census QuickStats,2021
bendigo,population,152555,,persons,ABS 2021 Census QuickStats,2021
bendigo,median_age,42,,years,ABS 2021 Census QuickStats,2021
bendigo,median_personal_income_weekly,732,,AUD/week,ABS 2021 Census QuickStats,2021
bendigo,median_household_income_weekly,1433,,AUD/week,ABS 2021 Census QuickStats,2021
bendigo,median_rent_weekly,300,,AUD/week,ABS 2021 Census QuickStats,2021
bendigo,median_mortgage_monthly,1452,,AUD/month,ABS 2021 Census QuickStats,2021
bendigo,avg_household_size,2.4,,persons/household,ABS 2021 Census QuickStats,2021
bruce,population,179139,,persons,ABS 2021 Census QuickStats,2021
bruce,median_age,37,,years,ABS 2021 Census QuickStats,2021
bruce,median_personal_income_weekly,691,,AUD/week,ABS 2021 Census QuickStats,2021
bruce,median_household_income_weekly,1672,,AUD/week,ABS 2021 Census QuickStats,2021
bruce,median_rent_weekly,350,,AUD/week,ABS 2021 Census QuickStats,2021
bruce,median_mortgage_monthly,1800,,AUD/month,ABS 2021 Census QuickStats,2021
bruce,avg_household_size,2.9,,persons/household,ABS 2021 Census QuickStats,2021
calwell,population,188482,,persons,ABS 2021 Census QuickStats,2021
calwell,median_age,32,,years,ABS 2021 Census QuickStats,2021
calwell,median_personal_income_weekly,623,,AUD/week,ABS 2021 Census QuickStats,2021
calwell,median_household_income_weekly,1681,,AUD/week,ABS 2021 Census QuickStats,2021
calwell,median_rent_weekly,369,,AUD/week,ABS 2021 Census QuickStats,2021
calwell,median_mortgage_monthly,1834,,AUD/month,ABS 2021 Census QuickStats,2021
calwell,avg_household_size,3.2,,persons/household,ABS 2021 Census QuickStats,2021
casey,population,157444,,persons,ABS 2021 Census QuickStats,2021
casey,median_age,40,,years,ABS 2021 Census QuickStats,2021
casey,median_personal_income_weekly,809,,AUD/week,ABS 2021 Census QuickStats,2021
casey,median_household_income_weekly,1884,,AUD/week,ABS 2021 Census QuickStats,2021
casey,median_rent_weekly,380,,AUD/week,ABS 2021 Census QuickStats,2021
casey,median_mortgage_monthly,1950,,AUD/month,ABS 2021 Census QuickStats,2021
casey,avg_household_size,2.7,,persons/household,ABS 2021 Census QuickStats,2021
chisholm,population,183655,,persons,ABS 2021 Census QuickStats,2021
chisholm,median_age,39,,years,ABS 2021 Census QuickStats,2021
chisholm,median_personal_income_weekly,734,,AUD/week,ABS 2021 Census QuickStats,2021
chisholm,median_household_income_weekly,1832,,AUD/week,ABS 2021 Census QuickStats,2021
chisholm,median_rent_weekly,440,,AUD/week,ABS 2021 Census QuickStats,2021
chisholm,median_mortgage_monthly,2400,,AUD/month,ABS 2021 Census QuickStats,2021
chisholm,avg_household_size,2.6,,persons/household,ABS 2021 Census QuickStats,2021
cooper,population,156279,,persons,ABS 2021 Census QuickStats,2021
cooper,median_age,37,,years,ABS 2021 Census QuickStats,2021
cooper,median_personal_income_weekly,888,,AUD/week,ABS 2021 Census QuickStats,2021
cooper,median_household_income_weekly,1845,,AUD/week,ABS 2021 Census QuickStats,2021
cooper,median_rent_weekly,381,,AUD/week,ABS 2021 Census QuickStats,2021
cooper,median_mortgage_monthly,2100,,AUD/month,ABS 2021 Census QuickStats,2021
cooper,avg_household_size,2.4,,persons/household,ABS 2021 Census QuickStats,2021
corangamite,population,152752,,persons,ABS 2021 Census QuickStats,2021
corangamite,median_age,40,,years,ABS 2021 Census QuickStats,2021
corangamite,median_personal_income_weekly,812,,AUD/week,ABS 2021 Census QuickStats,2021
corangamite,median_household_income_weekly,1804,,AUD/week,ABS 2021 Census QuickStats,2021
corangamite,median_rent_weekly,400,,AUD/week,ABS 2021 Census QuickStats,2021
corangamite,median_mortgage_monthly,1820,,AUD/month,ABS 2021 Census QuickStats,2021
corangamite,avg_household_size,2.6,,persons/household,ABS 2021 Census QuickStats,2021
corio,population,159242,,persons,ABS 2021 Census QuickStats,2021
corio,median_age,39,,years,ABS 2021 Census QuickStats,2021
corio,median_personal_income_weekly,763,,AUD/week,ABS 2021 Census QuickStats,2021
corio,median_household_income_weekly,1530,,AUD/week,ABS 2021 Census QuickStats,2021
corio,median_rent_weekly,320,,AUD/week,ABS 2021 Census QuickStats,2021
corio,median_mortgage_monthly,1700,,AUD/month,ABS 2021 Census QuickStats,2021
corio,avg_household_size,2.4,,persons/household,ABS 2021 Census QuickStats,2021
deakin,population,167110,,persons,ABS 2021 Census QuickStats,2021
deakin,median_age,40,,years,ABS 2021 Census QuickStats,2021
deakin,median_personal_income_weekly,832,,AUD/week,ABS 2021 Census QuickStats,2021
deakin,median_household_income_weekly,1878,,AUD/week,ABS 2021 Census QuickStats,2021
deakin,median_rent_weekly,392,,AUD/week,ABS 2021 Census QuickStats,2021
deakin,median_mortgage_monthly,2070,,AUD/month,ABS 2021 Census QuickStats,2021
deakin,avg_household_size,2.6,,persons/household,ABS 2021 Census QuickStats,2021
dunkley,population,158012,,persons,ABS 2021 Census QuickStats,2021
dunkley,median_age,40,,years,ABS 2021 Census QuickStats,2021
dunkley,median_personal_income_weekly,819,,AUD/week,ABS 2021 Census QuickStats,2021
dunkley,median_household_income_weekly,1718,,AUD/week,ABS 2021 Census QuickStats,2021
dunkley,median_rent_weekly,360,,AUD/week,ABS 2021 Census QuickStats,2021
dunkley,median_mortgage_monthly,1898,,AUD/month,ABS 2021 Census QuickStats,2021
dunkley,avg_household_size,2.5,,persons/household,ABS 2021 Census QuickStats,2021
flinders,population,150355,,persons,ABS 2021 Census QuickStats,2021
flinders,median_age,48,,years,ABS 2021 Census QuickStats,2021
flinders,median_personal_income_weekly,745,,AUD/week,ABS 2021 Census QuickStats,2021
flinders,median_household_income_weekly,1479,,AUD/week,ABS 2021 Census QuickStats,2021
flinders,median_rent_weekly,375,,AUD/week,ABS 2021 Census QuickStats,2021
flinders,median_mortgage_monthly,1949,,AUD/month,ABS 2021 Census QuickStats,2021
flinders,avg_household_size,2.3,,persons/household,ABS 2021 Census QuickStats,2021
fraser,population,176388,,persons,ABS 2021 Census QuickStats,2021
fraser,median_age,36,,years,ABS 2021 Census QuickStats,2021
fraser,median_personal_income_weekly,717,,AUD/week,ABS 2021 Census QuickStats,2021
fraser,median_household_income_weekly,1634,,AUD/week,ABS 2021 Census QuickStats,2021
fraser,median_rent_weekly,350,,AUD/week,ABS 2021 Census QuickStats,2021
fraser,median_mortgage_monthly,1850,,AUD/month,ABS 2021 Census QuickStats,2021
fraser,avg_household_size,2.6,,persons/household,ABS 2021 Census QuickStats,2021
gellibrand,population,189984,,persons,ABS 2021 Census QuickStats,2021
gellibrand,median_age,35,,years,ABS 2021 Census QuickStats,2021
gellibrand,median_personal_income_weekly,936,,AUD/week,ABS 2021 Census QuickStats,2021
gellibrand,median_household_income_weekly,2159,,AUD/week,ABS 2021 Census QuickStats,2021
gellibrand,median_rent_weekly,392,,AUD/week,ABS 2021 Census QuickStats,2021
gellibrand,median_mortgage_monthly,2100,,AUD/month,ABS 2021 Census QuickStats,2021
gellibrand,avg_household_size,2.8,,persons/household,ABS 2021 Census QuickStats,2021
gippsland,population,154357,,persons,ABS 2021 Census QuickStats,2021
gippsland,median_age,46,,years,ABS 2021 Census QuickStats,2021
gippsland,median_personal_income_weekly,644,,AUD/week,ABS 2021 Census QuickStats,2021
gippsland,median_household_income_weekly,1238,,AUD/week,ABS 2021 Census QuickStats,2021
gippsland,median_rent_weekly,250,,AUD/week,ABS 2021 Census QuickStats,2021
gippsland,median_mortgage_monthly,1300,,AUD/month,ABS 2021 Census QuickStats,2021
gippsland,avg_household_size,2.3,,persons/household,ABS 2021 Census QuickStats,2021
goldstein,population,154736,,persons,ABS 2021 Census QuickStats,2021
goldstein,median_age,43,,years,ABS 2021 Census QuickStats,2021
goldstein,median_personal_income_weekly,1068,,AUD/week,ABS 2021 Census QuickStats,2021
goldstein,median_household_income_weekly,2377,,AUD/week,ABS 2021 Census QuickStats,2021
goldstein,median_rent_weekly,490,,AUD/week,ABS 2021 Census QuickStats,2021
goldstein,median_mortgage_monthly,2800,,AUD/month,ABS 2021 Census QuickStats,2021
goldstein,avg_household_size,2.5,,persons/household,ABS 2021 Census QuickStats,2021
gorton,population,178100,,persons,ABS 2021 Census QuickStats,2021
gorton,median_age,35,,years,ABS 2021 Census QuickStats,2021
gorton,median_personal_income_weekly,742,,AUD/week,ABS 2021 Census QuickStats,2021
gorton,median_household_income_weekly,1927,,AUD/week,ABS 2021 Census QuickStats,2021
gorton,median_rent_weekly,380,,AUD/week,ABS 2021 Census QuickStats,2021
gorton,median_mortgage_monthly,1900,,AUD/month,ABS 2021 Census QuickStats,2021
gorton,avg_household_size,3.1,,persons/household,ABS 2021 Census QuickStats,2021
hawke,population,165389,,persons,ABS 2021 Census QuickStats,2021
hawke,median_age,35,,years,ABS 2021 Census QuickStats,2021
hawke,median_personal_income_weekly,777,,AUD/week,ABS 2021 Census QuickStats,2021
hawke,median_household_income_weekly,1738,,AUD/week,ABS 2021 Census QuickStats,2021
hawke,median_rent_weekly,341,,AUD/week,ABS 2021 Census QuickStats,2021
hawke,median_mortgage_monthly,1733,,AUD/month,ABS 2021 Census QuickStats,2021
hawke,avg_household_size,2.8,,persons/household,ABS 2021 Census QuickStats,2021
holt,population,187255,,persons,ABS 2021 Census QuickStats,2021
holt,median_age,33,,years,ABS 2021 Census QuickStats,2021
holt,median_personal_income_weekly,788,,AUD/week,ABS 2021 Census QuickStats,2021
holt,median_household_income_weekly,1888,,AUD/week,ABS 2021 Census QuickStats,2021
holt,median_rent_weekly,380,,AUD/week,ABS 2021 Census QuickStats,2021
holt,median_mortgage_monthly,1900,,AUD/month,ABS 2021 Census QuickStats,2021
holt,avg_household_size,3.1,,persons/household,ABS 2021 Census QuickStats,2021
hotham,population,195590,,persons,ABS 2021 Census QuickStats,2021
hotham,median_age,37,,years,ABS 2021 Census QuickStats,2021
hotham,median_personal_income_weekly,695,,AUD/week,ABS 2021 Census QuickStats,2021
hotham,median_household_income_weekly,1672,,AUD/week,ABS 2021 Census QuickStats,2021
hotham,median_rent_weekly,383,,AUD/week,ABS 2021 Census QuickStats,2021
hotham,median_mortgage_monthly,2000,,AUD/month,ABS 2021 Census QuickStats,2021
hotham,avg_household_size,2.7,,persons/household,ABS 2021 Census QuickStats,2021
indi,population,156620,,persons,ABS 2021 Census QuickStats,2021
indi,median_age,45,,years,ABS 2021 Census QuickStats,2021
indi,median_personal_income_weekly,736,,AUD/week,ABS 2021 Census QuickStats,2021
indi,median_household_income_weekly,1367,,AUD/week,ABS 2021 Census QuickStats,2021
indi,median_rent_weekly,270,,AUD/week,ABS 2021 Census QuickStats,2021
indi,median_mortgage_monthly,1408,,AUD/month,ABS 2021 Census QuickStats,2021
indi,avg_household_size,2.3,,persons/household,ABS 2021 Census QuickStats,2021
isaacs,population,160526,,persons,ABS 2021 Census QuickStats,2021
isaacs,median_age,40,,years,ABS 2021 Census QuickStats,2021
isaacs,median_personal_income_weekly,891,,AUD/week,ABS 2021 Census QuickStats,2021
isaacs,median_household_income_weekly,1966,,AUD/week,ABS 2021 Census QuickStats,2021
isaacs,median_rent_weekly,406,,AUD/week,ABS 2021 Census QuickStats,2021
isaacs,median_mortgage_monthly,2167,,AUD/month,ABS 2021 Census QuickStats,2021
isaacs,avg_household_size,2.6,,persons/household,ABS 2021 Census QuickStats,2021
jagajaga,population,158869,,persons,ABS 2021 Census QuickStats,2021
jagajaga,median_age,41,,years,ABS 2021 Census QuickStats,2021
jagajaga,median_personal_income_weekly,929,,AUD/week,ABS 2021 Census QuickStats,2021
jagajaga,median_household_income_weekly,2109,,AUD/week,ABS 2021 Census QuickStats,2021
jagajaga,median_rent_weekly,400,,AUD/week,ABS 2021 Census QuickStats,2021
jagajaga,median_mortgage_monthly,2167,,AUD/month,ABS 2021 Census QuickStats,2021
jagajaga,avg_household_size,2.6,,persons/household,ABS 2021 Census QuickStats,2021
kooyong,population,163354,,persons,ABS 2021 Census QuickStats,2021
kooyong,median_age,40,,years,ABS 2021 Census QuickStats,2021
kooyong,median_personal_income_weekly,1058,,AUD/week,ABS 2021 Census QuickStats,2021
kooyong,median_household_income_weekly,2333,,AUD/week,ABS 2021 Census QuickStats,2021
kooyong,median_rent_weekly,451,,AUD/week,ABS 2021 Census QuickStats,2021
kooyong,median_mortgage_monthly,2936,,AUD/month,ABS 2021 Census QuickStats,2021
kooyong,avg_household_size,2.5,,persons/household,ABS 2021 Census QuickStats,2021
latrobe,population,169469,,persons,ABS 2021 Census QuickStats,2021
latrobe,median_age,34,,years,ABS 2021 Census QuickStats,2021
latrobe,median_personal_income_weekly,852,,AUD/week,ABS 2021 Census QuickStats,2021
latrobe,median_household_income_weekly,1976,,AUD/week,ABS 2021 Census QuickStats,2021
latrobe,median_rent_weekly,375,,AUD/week,ABS 2021 Census QuickStats,2021
latrobe,median_mortgage_monthly,2000,,AUD/month,ABS 2021 Census QuickStats,2021
latrobe,avg_household_size,2.9,,persons/household,ABS 2021 Census QuickStats,2021
lalor,population,201323,,persons,ABS 2021 Census QuickStats,2021
lalor,median_age,32,,years,ABS 2021 Census QuickStats,2021
lalor,median_personal_income_weekly,801,,AUD/week,ABS 2021 Census QuickStats,2021
lalor,median_household_income_weekly,1891,,AUD/week,ABS 2021 Census QuickStats,2021
lalor,median_rent_weekly,355,,AUD/week,ABS 2021 Census QuickStats,2021
lalor,median_mortgage_monthly,1814,,AUD/month,ABS 2021 Census QuickStats,2021
lalor,avg_household_size,3.0,,persons/household,ABS 2021 Census QuickStats,2021
macnamara,population,168080,,persons,ABS 2021 Census QuickStats,2021
macnamara,median_age,36,,years,ABS 2021 Census QuickStats,2021
macnamara,median_personal_income_weekly,1241,,AUD/week,ABS 2021 Census QuickStats,2021
macnamara,median_household_income_weekly,2072,,AUD/week,ABS 2021 Census QuickStats,2021
macnamara,median_rent_weekly,421,,AUD/week,ABS 2021 Census QuickStats,2021
macnamara,median_mortgage_monthly,2167,,AUD/month,ABS 2021 Census QuickStats,2021
macnamara,avg_household_size,2.0,,persons/household,ABS 2021 Census QuickStats,2021
mallee,population,167639,,persons,ABS 2021 Census QuickStats,2021
mallee,median_age,45,,years,ABS 2021 Census QuickStats,2021
mallee,median_personal_income_weekly,662,,AUD/week,ABS 2021 Census QuickStats,2021
mallee,median_household_income_weekly,1220,,AUD/week,ABS 2021 Census QuickStats,2021
mallee,median_rent_weekly,230,,AUD/week,ABS 2021 Census QuickStats,2021
mallee,median_mortgage_monthly,1083,,AUD/month,ABS 2021 Census QuickStats,2021
mallee,avg_household_size,2.3,,persons/household,ABS 2021 Census QuickStats,2021
maribyrnong,population,153408,,persons,ABS 2021 Census QuickStats,2021
maribyrnong,median_age,39,,years,ABS 2021 Census QuickStats,2021
maribyrnong,median_personal_income_weekly,931,,AUD/week,ABS 2021 Census QuickStats,2021
maribyrnong,median_household_income_weekly,1956,,AUD/week,ABS 2021 Census QuickStats,2021
maribyrnong,median_rent_weekly,387,,AUD/week,ABS 2021 Census QuickStats,2021
maribyrnong,median_mortgage_monthly,2167,,AUD/month,ABS 2021 Census QuickStats,2021
maribyrnong,avg_household_size,2.4,,persons/household,ABS 2021 Census QuickStats,2021
mcewen,population,159894,,persons,ABS 2021 Census QuickStats,2021
mcewen,median_age,36,,years,ABS 2021 Census QuickStats,2021
mcewen,median_personal_income_weekly,881,,AUD/week,ABS 2021 Census QuickStats,2021
mcewen,median_household_income_weekly,2094,,AUD/week,ABS 2021 Census QuickStats,2021
mcewen,median_rent_weekly,381,,AUD/week,ABS 2021 Census QuickStats,2021
mcewen,median_mortgage_monthly,2000,,AUD/month,ABS 2021 Census QuickStats,2021
mcewen,avg_household_size,2.9,,persons/household,ABS 2021 Census QuickStats,2021
melbourne,population,199964,,persons,ABS 2021 Census QuickStats,2021
melbourne,median_age,31,,years,ABS 2021 Census QuickStats,2021
melbourne,median_personal_income_weekly,1055,,AUD/week,ABS 2021 Census QuickStats,2021
melbourne,median_household_income_weekly,1840,,AUD/week,ABS 2021 Census QuickStats,2021
melbourne,median_rent_weekly,400,,AUD/week,ABS 2021 Census QuickStats,2021
melbourne,median_mortgage_monthly,2100,,AUD/month,ABS 2021 Census QuickStats,2021
melbourne,avg_household_size,1.9,,persons/household,ABS 2021 Census QuickStats,2021
menzies,population,172855,,persons,ABS 2021 Census QuickStats,2021
menzies,median_age,42,,years,ABS 2021 Census QuickStats,2021
menzies,median_personal_income_weekly,769,,AUD/week,ABS 2021 Census QuickStats,2021
menzies,median_household_income_weekly,1917,,AUD/week,ABS 2021 Census QuickStats,2021
menzies,median_rent_weekly,441,,AUD/week,ABS 2021 Census QuickStats,2021
menzies,median_mortgage_monthly,2383,,AUD/month,ABS 2021 Census QuickStats,2021
menzies,avg_household_size,2.7,,persons/household,ABS 2021 Census QuickStats,2021
monash,population,146349,,persons,ABS 2021 Census QuickStats,2021
monash,median_age,46,,years,ABS 2021 Census QuickStats,2021
monash,median_personal_income_weekly,663,,AUD/week,ABS 2021 Census QuickStats,2021
monash,median_household_income_weekly,1283,,AUD/week,ABS 2021 Census QuickStats,2021
monash,median_rent_weekly,290,,AUD/week,ABS 2021 Census QuickStats,2021
monash,median_mortgage_monthly,1500,,AUD/month,ABS 2021 Census QuickStats,2021
monash,avg_household_size,2.3,,persons/household,ABS 2021 Census QuickStats,2021
nicholls,population,159507,,persons,ABS 2021 Census QuickStats,2021
nicholls,median_age,43,,years,ABS 2021 Census QuickStats,2021
nicholls,median_personal_income_weekly,684,,AUD/week,ABS 2021 Census QuickStats,2021
nicholls,median_household_income_weekly,1325,,AUD/week,ABS 2021 Census QuickStats,2021
nicholls,median_rent_weekly,255,,AUD/week,ABS 2021 Census QuickStats,2021
nicholls,median_mortgage_monthly,1300,,AUD/month,ABS 2021 Census QuickStats,2021
nicholls,avg_household_size,2.4,,persons/household,ABS 2021 Census QuickStats,2021
scullin,population,170399,,persons,ABS 2021 Census QuickStats,2021
scullin,median_age,36,,years,ABS 2021 Census QuickStats,2021
scullin,median_personal_income_weekly,694,,AUD/week,ABS 2021 Census QuickStats,2021
scullin,median_household_income_weekly,1671,,AUD/week,ABS 2021 Census QuickStats,2021
scullin,median_rent_weekly,369,,AUD/week,ABS 2021 Census QuickStats,2021
scullin,median_mortgage_monthly,1815,,AUD/month,ABS 2021 Census QuickStats,2021
scullin,avg_household_size,2.9,,persons/household,ABS 2021 Census QuickStats,2021
wannon,population,154555,,persons,ABS 2021 Census QuickStats,2021
wannon,median_age,46,,years,ABS 2021 Census QuickStats,2021
wannon,median_personal_income_weekly,717,,AUD/week,ABS 2021 Census QuickStats,2021
wannon,median_household_income_weekly,1339,,AUD/week,ABS 2021 Census QuickStats,2021
wannon,median_rent_weekly,250,,AUD/week,ABS 2021 Census QuickStats,2021
wannon,median_mortgage_monthly,1300,,AUD/month,ABS 2021 Census QuickStats,2021
wannon,avg_household_size,2.3,,persons/household,ABS 2021 Census QuickStats,2021
wills,population,158319,,persons,ABS 2021 Census QuickStats,2021
wills,median_age,35,,years,ABS 2021 Census QuickStats,2021
wills,median_personal_income_weekly,906,,AUD/week,ABS 2021 Census QuickStats,2021
wills,median_household_income_weekly,1927,,AUD/week,ABS 2021 Census QuickStats,2021
wills,median_rent_weekly,400,,AUD/week,ABS 2021 Census QuickStats,2021
wills,median_mortgage_monthly,2032,,AUD/month,ABS 2021 Census QuickStats,2021
wills,avg_household_size,2.4,,persons/household,ABS 2021 Census QuickStats,2021
